Workbook
Name FID_1: [1]AGR_Fuels!$A$2

Sheet Cover
D14: Typ dokumentu | F14: Plik z danymi nowych technologii
D18: Cel powstania | F18: Wprowadzenie topologii i danych dla nowych technologii w sektorze przemysłu
D22: Data powstania | F22: 45901
D25: Ostatnia aktualizacja | F25: 45915
D28: Autor(zy) | F28: Artur Wyrwa
F29: Maciej Raczyński
D32: Osoba kontaktowa | F32: Artur Wyrwa
F33: awyrwa@agh.edu.pl

Sheet Metadane
D4: Metadane
D6: Wersja modelu na potrzeby scenariuszy INTG_3
D8: Moduł | E8: Rozszerzenia

Sheet SEC_Comm
B2: *~FI_Comm
B3: Csets | C3: CommName | D3: CommDesc | E3: Unit | F3: LimType | G3: CTSLvl | H3: PeakTS | I3: Ctype
B4: \I: Commodity Set Membership | C4: Commodity Name | D4: Commodity Description | E4: Unit | F4: Balance Equ Type Override | G4: Timeslice Tracking Level | H4: Peak Monitoring | I4: Electricity Indicator
B5: \I: New Commodities

Sheet SEC_Processes
B2: ~FI_Process
B3: Sets | C3: TechName | D3: TechDesc | E3: Tact | F3: Tcap | G3: Tslvl | H3: PrimaryCG | I3: Vintage
B4: \I: Process Set Membership | C4: Technology Name | D4: Technology Description | E4: Activity Unit | F4: Capacity Unit | G4: Timeslice Operational Level | H4: Operational Commodity Group | I4: Vintage Tracking
B5: \I: Biometanownia
B6: PRE | C6: AGR_NEW_BIOCH4 | D6: Biomethane plant | E6: mln m3 | F6: mln m3 / rok | G6: ANNUAL
B7: PRE | C7: AGR_NEW_BIOG | D7: Biogas plant | E7: mln m3 | F7: mln m3 / rok | G7: ANNUAL

Sheet CH4
B6: New Processes | E6: ~FI_T
B7: TechName | C7: * TechDesc | D7: Comm-IN | E7: Comm-OUT | F7: START | G7: CEFF | H7: ACTFLO | I7: AFA | J7: Life | K7: CAP2ACT | L7: INVCOST | M7: FIXOM | N7: VAROM | O7: FLO_COST | U7: EUR/PLN = | V7: 4.5
B8: \I:Technology Name | C8: Technology Description | D8: Input Commodity | E8: Output Commodity | F8: Starting Year | G8: mln m3 / kt | H8: PJ/mln m3 | I8: Annual Availability Factor | J8: Lifetime of Process | K8: Capacity to Activity Factor | L8: MPLN / mln m3 / year | M8: Fixed O&M Cost | N8: PLN /m3 | O8: PLN /m3
B9: =SEC_Processes!C6 -> AGR_NEW_BIOCH4 | C9: =SEC_Processes!D6 -> Biomethane plant | F9: 2025 | I9: 1 | J9: 25 | K9: 1 | L9: =V7*SUM(W10:W12)/8760*H30*1000/3.6 -> 11.272831 | M9: 0 | N9: =V7*SUM(W13:W14)/1000*W19 -> 1.48125 | U9: Kategoria kosztu | V9: Instalacja średnia (3–8 MW) | W9: Instalacja duża (>14 MW)
D10: AGR_RESID_CROP_WHEAT | G10: 0.22135 | O10: =V7*$W$17/(G10*1000) -> 0.20329794 | U10: CAPEX – część biogazowa [€/kW] | V10: 4300 | W10: 1600
D11: AGR_RESID_CROP_BARLEY | G11: 0.22135 | O11: =V7*$W$17/(G11*1000) -> 0.20329794 | U11: CAPEX – upgrading [€/kW] | V11: 800 | W11: 300
D12: AGR_RESID_CROP_MAIZE | G12: 0.1919 | O12: =V7*$W$17/(G12*1000) -> 0.23449713 | U12: CAPEX – przyłącze i downstream [€/kW] | V12: 270 | W12: 100
D13: AGR_RESID_CROP_CER-MIX | G13: 0.22135 | O13: =V7*$W$17/(G13*1000) -> 0.20329794 | U13: OPEX – część biogazowa [€/MWh] | V13: 20 | W13: 20
D14: AGR_RESID_CROP_TRITICALE | G14: 0.22135 | O14: =V7*$W$17/(G14*1000) -> 0.20329794 | U14: OPEX – upgrading [€/MWh] | V14: 15 | W14: 10
D15: AGR_RESID_CROP_OATS | G15: 0.22135 | O15: =V7*$W$17/(G15*1000) -> 0.20329794 | U15: Gnojowica [€/t] | V15: 2 | W15: 3
D16: AGR_RESID_CROP_RYE | G16: 0.22135 | O16: =V7*$W$17/(G16*1000) -> 0.20329794 | U16: Obornik [€/t] | V16: 16 | W16: 13
D17: AGR_RESID_CROP_MILL-BUCK | G17: 0.22135 | O17: =V7*$W$17/(G17*1000) -> 0.20329794 | U17: Odpady pozbożowe | V17: 10 | W17: 10
D18: AGR_RESID_CROP_PULS-FEED | G18: 0
D19: AGR_RESID_CROP_PULS-EDIB | G19: 0 | U19: LHV | W19: =H30*1000/3.6 -> 10.972222 | X19: kWh/m3
D20: AGR_RESID_CROP_POTATO | G20: 0
D21: AGR_RESID_CROP_OIL | G21: 0
D22: AGR_RESID_CROP_FRUIT | G22: 0
D23: AGR_RESID_CROP_VEG | G23: 0
D24: AGR_LIV_MANURE_CAT_DAIRY | G24: 0.0551 | O24: =V7*$W$16/(G24*1000) -> 1.061706
D25: AGR_LIV_MANURE_CAT_NON-DAIRY | G25: 0.0551 | O25: =V7*$W$16/(G25*1000) -> 1.061706
D26: AGR_LIV_MANURE_SHEEP | G26: 0
D27: AGR_LIV_MANURE_SWINE | G27: 0.0076 | O27: =V7*$W$16/(G27*1000) -> 7.6973684
D28: AGR_LIV_MANURE_GOAT | G28: 0
D29: AGR_LIV_MANURE_POULTRY | G29: 0.0494 | O29: =V7*$W$16/(G29*1000) -> 1.1842105
E30: PRI_BIO_CH4_AGR | H30: =39.5/1000 -> 0.0395

Sheet Biogas
B6: New Processes | E6: ~FI_T
B7: TechName | C7: * TechDesc | D7: Comm-IN | E7: Comm-OUT | F7: START | G7: CEFF | H7: ACTFLO | I7: AFA | J7: Life | K7: CAP2ACT | L7: INVCOST | M7: FIXOM | N7: VAROM | O7: FLO_COST | U7: EUR/PLN = | V7: 4.5
B8: \I:Technology Name | C8: Technology Description | D8: Input Commodity | E8: Output Commodity | F8: Starting Year | G8: mln m3 / kt | H8: PJ/mln m3 | I8: Annual Availability Factor | J8: Lifetime of Process | K8: Capacity to Activity Factor | L8: MPLN / mln m3 / year | M8: Fixed O&M Cost | N8: PLN /m3 | O8: PLN /m3
B9: =SEC_Processes!C7 -> AGR_NEW_BIOG | C9: =SEC_Processes!D6 -> Biomethane plant | F9: 2025 | I9: 1 | J9: 25 | K9: 1 | L9: =V7*SUM(W10)/8760*H30*1000/3.6 -> 5.2511416 | M9: 0 | N9: =V7*W13/1000*W19 -> 0.575 | U9: Kategoria kosztu | V9: Instalacja średnia (3–8 MW) | W9: Instalacja duża (>14 MW)
D10: AGR_RESID_CROP_WHEAT | G10: 0.3059 | O10: =4.29*$W$17/(G10*1000) -> 0.14024191 | U10: CAPEX – część biogazowa [€/kW] | V10: 4300 | W10: 1600
D11: AGR_RESID_CROP_BARLEY | G11: 0.3059 | O11: =4.29*$W$17/(G11*1000) -> 0.14024191 | U11: CAPEX – upgrading [€/kW] | V11: 800 | W11: 300
D12: AGR_RESID_CROP_MAIZE | G12: 0.38855 | O12: =4.29*$W$17/(G12*1000) -> 0.1104105 | U12: CAPEX – przyłącze i downstream [€/kW] | V12: 270 | W12: 100
D13: AGR_RESID_CROP_CER-MIX | G13: 0.3059 | O13: =4.29*$W$17/(G13*1000) -> 0.14024191 | U13: OPEX – część biogazowa [€/MWh] | V13: 20 | W13: 20
D14: AGR_RESID_CROP_TRITICALE | G14: 0.3059 | O14: =4.29*$W$17/(G14*1000) -> 0.14024191 | U14: OPEX – upgrading [€/MWh] | V14: 15 | W14: 10
D15: AGR_RESID_CROP_OATS | G15: 0.3059 | O15: =4.29*$W$17/(G15*1000) -> 0.14024191 | U15: Gnojowica [€/t] | V15: 2 | W15: 3
D16: AGR_RESID_CROP_RYE | G16: 0.3059 | O16: =4.29*$W$17/(G16*1000) -> 0.14024191 | U16: Obornik [€/t] | V16: 16 | W16: 13
D17: AGR_RESID_CROP_MILL-BUCK | G17: 0.3059 | O17: =4.29*$W$17/(G17*1000) -> 0.14024191 | U17: Odpady pozbożowe | V17: 10 | W17: 10
D18: AGR_RESID_CROP_PULS-FEED | G18: 0
D19: AGR_RESID_CROP_PULS-EDIB | G19: 0 | U19: LHV | W19: =H30*1000/3.6 -> 6.3888889 | X19: kWh/m3
D20: AGR_RESID_CROP_POTATO | G20: 0
D21: AGR_RESID_CROP_OIL | G21: 0
D22: AGR_RESID_CROP_FRUIT | G22: 0
D23: AGR_RESID_CROP_VEG | G23: 0
D24: AGR_LIV_MANURE_CAT_DAIRY | G24: 0.09785 | O24: =4.29*$W$16/(G24*1000) -> 0.56995401
D25: AGR_LIV_MANURE_CAT_NON-DAIRY | G25: 0.09785 | O25: =4.29*$W$16/(G25*1000) -> 0.56995401
D26: AGR_LIV_MANURE_SHEEP | G26: 0
D27: AGR_LIV_MANURE_SWINE | G27: 0.011875 | O27: =4.29*$W$16/(G27*1000) -> 4.6964211
D28: AGR_LIV_MANURE_GOAT | G28: 0
D29: AGR_LIV_MANURE_POULTRY | G29: 0.08835 | O29: =4.29*$W$16/(G29*1000) -> 0.63123939
E30: PRI_BIOG_AGR | H30: =23/1000 -> 0.023

Sheet OLD
B2: Biometanownia
B5: TechName | C5: * TechDesc | D5: Comm-IN | E5: Comm-OUT | F5: START | G5: CEFF | H5: ACTFLO | I5: AFA | J5: Life | K5: CAP2ACT | L5: INVCOST | M5: FIXOM | N5: VAROM | O5: FLO_COST
B6: \I:Technology Name | C6: Technology Description | D6: Input Commodity | E6: Output Commodity | F6: Starting Year | G6: Efficiency | H6: MJ/m3 | I6: Annual Availability Factor | J6: Lifetime of Process | K6: Capacity to Activity Factor | L6: MPLN / mln m3 / year | M6: Fixed O&M Cost | N6: Variable O&M Cost
B7: =SEC_Processes!C6 -> AGR_NEW_BIOCH4 | C7: =SEC_Processes!D6 -> Biomethane plant | F7: 2025 | I7: 1 | J7: 25 | K7: 1 | L7: 1.98 | M7: 0 | N7: =R7+S7 -> 0
D8: AGR_RESID_CROP_WHEAT | G8: 0.22135
D9: AGR_RESID_CROP_BARLEY | G9: 0.22135
D10: AGR_RESID_CROP_MAIZE | G10: 0.1919
D11: AGR_RESID_CROP_CER-MIX | G11: 0.22135
D12: AGR_RESID_CROP_TRITICALE | G12: 0.22135
D13: AGR_RESID_CROP_OATS | G13: 0.22135
D14: AGR_RESID_CROP_RYE | G14: 0.22135
D15: AGR_RESID_CROP_MILL-BUCK | G15: 0.22135
D16: AGR_RESID_CROP_PULS-FEED | G16: 0
D17: AGR_RESID_CROP_PULS-EDIB | G17: 0
D18: AGR_RESID_CROP_POTATO | G18: 0
D19: AGR_RESID_CROP_OIL | G19: 0
... D27: AGR_LIV_MANURE_POULTRY | G27: 0.0494
E28: AGR_BIOMETAN | H28: 39.5
